{"DocumentConnection":{"type":"DocumentConnection","resolveType":"multiCollectionDocumentList","collections":["metrics","findings","apps"]},"Node":{"type":"Node","resolveType":"nodeDocument"},"DocumentNode":{"type":"DocumentNode","resolveType":"multiCollectionDocument","createDocument":"create","updateDocument":"update"},"Metrics":{"type":"Metrics","resolveType":"collectionDocument","collection":"metrics","createMetrics":"create","updateMetrics":"update"},"MetricsConnection":{"type":"MetricsConnection","resolveType":"collectionDocumentList","collection":"metrics"},"Findings":{"type":"Findings","resolveType":"collectionDocument","collection":"findings","createFindings":"create","updateFindings":"update"},"FindingsConnection":{"type":"FindingsConnection","resolveType":"collectionDocumentList","collection":"findings"},"Apps":{"type":"Apps","resolveType":"collectionDocument","collection":"apps","createApps":"create","updateApps":"update"},"AppsConnection":{"type":"AppsConnection","resolveType":"collectionDocumentList","collection":"apps"}}