{"version":{"fullVersion":"1.6.0","major":"1","minor":"6","patch":"0"},"meta":{"flags":["experimentalData"]},"collections":[{"name":"metrics","label":"Metrics","path":"content/metrics","format":"json","fields":[{"type":"string","name":"category","label":"Category","required":true,"namespace":["metrics","category"],"searchable":true,"uid":false},{"type":"string","name":"week","label":"Week","required":true,"namespace":["metrics","week"],"searchable":true,"uid":false},{"type":"object","name":"data","label":"Data","fields":[{"type":"number","name":"value","label":"Value","namespace":["metrics","data","value"],"searchable":true,"uid":false},{"type":"string","name":"unit","label":"Unit","namespace":["metrics","data","unit"],"searchable":true,"uid":false},{"type":"string","name":"trend","label":"Trend","namespace":["metrics","data","trend"],"searchable":true,"uid":false}],"namespace":["metrics","data"],"searchable":true,"uid":false}],"namespace":["metrics"]},{"name":"findings","label":"Findings","path":"content/findings","format":"md","fields":[{"type":"string","name":"title","label":"Title","isTitle":true,"required":true,"namespace":["findings","title"],"searchable":true,"uid":false},{"type":"string","name":"category","label":"Category","options":["WORK","LIFE"],"required":true,"namespace":["findings","category"],"searchable":true,"uid":false},{"type":"string","name":"week","label":"Week","required":true,"namespace":["findings","week"],"searchable":true,"uid":false},{"type":"datetime","name":"date","label":"Date","required":true,"namespace":["findings","date"],"searchable":true,"uid":false},{"type":"rich-text","name":"body","label":"Body","isBody":true,"namespace":["findings","body"],"searchable":true,"parser":{"type":"markdown"},"uid":false}],"namespace":["findings"]},{"name":"apps","label":"Apps","path":"content/apps","format":"md","fields":[{"type":"string","name":"title","label":"Title","isTitle":true,"required":true,"namespace":["apps","title"],"searchable":true,"uid":false},{"type":"string","name":"status","label":"Status","options":["concept","development","testing","launched"],"namespace":["apps","status"],"searchable":true,"uid":false},{"type":"rich-text","name":"description","label":"Description","namespace":["apps","description"],"searchable":true,"parser":{"type":"markdown"},"uid":false},{"type":"rich-text","name":"body","label":"Body","isBody":true,"namespace":["apps","body"],"searchable":true,"parser":{"type":"markdown"},"uid":false}],"namespace":["apps"]}],"config":{"media":{"tina":{"publicFolder":"public","mediaRoot":""}}}}